seed,family,wage_axis,exchequer_cost_bn,poverty_change_bhc_pp,poverty_change_ahc_pp,relative_poverty_change_bhc_pp,gini_change_pp,displaced_weighted_m
0,exposure,central,18.209980416,1.8069433542672653,1.8530931099270758,0.7029536026954275,1.0383741096702703,1.5572571754455566
0,junior,central,15.899705344,1.9090078605202647,2.1463568464985956,0.8073969492384453,1.1068641785129896,1.5456647872924805
0,compression,central,22.46049792,2.068990687005312,2.2584456450257333,0.9623660160749392,0.9696371906093293,1.6663055419921875
0,uniform,central,12.886704128,1.8751404338132438,2.062672348277514,0.8560994851730563,1.1955321416324827,1.5532170534133911
0,klein_top_loaded,central,34.170732544,2.2219964548282567,2.5137124187378594,0.8067366036631857,0.9869308975680391,1.6232701539993286
1,exposure,central,15.947988992,1.8181143880813462,2.1003649324617566,0.5787225890923398,1.240309415343499,1.6447060108184814
1,junior,central,18.542379008,1.8013674948994112,2.080210036420402,0.7166355352484194,1.1735985939562044,1.641181468963623
1,compression,central,20.438777856,1.9168047118462788,2.1718459895318705,1.1100745567841352,0.9027220720101647,1.6422258615493774
1,uniform,central,14.977892352,1.8152265983493647,2.100065355793579,0.7476006836540788,1.1418727736396406,1.6473567485809326
1,klein_top_loaded,central,30.06496768,2.2916688426041305,2.4547391620478196,0.8733698155884928,1.074259425714641,1.5781844854354858
2,exposure,central,16.959488,1.8756316608081218,1.917487590577696,0.6681794100505817,1.1144223280910692,1.57588529586792
2,junior,central,17.016848384,1.7642708499601785,1.9344551316920588,0.549446942462764,1.1006072360718377,1.58040452003479
2,compression,central,21.468971008,1.9302031897684646,2.2414910053429686,0.8030048807980777,1.1248133830728202,1.6189167499542236
2,uniform,central,13.239615488,1.7519289190662535,2.155685366971516,0.602982851793632,1.2223931067101512,1.5970876216888428
2,klein_top_loaded,central,31.668207616,2.1483877974363326,2.2538925177110647,0.7301032642891281,0.8047820211183665,1.539170742034912
3,exposure,central,17.597038592,1.920011393276197,1.9547050446218017,0.794434944998873,1.1315617264472722,1.5718289613723755
3,junior,central,19.302301696,1.9438351954209536,2.087385207525247,0.8548706127653377,1.1304798522614457,1.6168187856674194
3,compression,central,22.0635136,2.0227136894394953,2.2422141498868036,0.9765134120406277,1.0379735637323528,1.5789426565170288
3,uniform,central,11.713478656,1.8368761040867543,2.061656069832729,0.5250497639329887,1.265260731576967,1.6146267652511597
3,klein_top_loaded,central,31.2655872,2.198966675202188,2.52285572158798,0.7448997296505111,1.0505991811341375,1.624483346939087
4,exposure,central,18.96579072,1.7785261484945551,2.0171201152085176,0.7600666215067747,0.9973969268989302,1.6065517663955688
4,junior,central,20.038582272,2.0989765892412056,2.123106404744482,0.9705977188942838,0.9465851864503549,1.6566036939620972
4,compression,central,20.294598656,2.103283314375365,2.119899735954495,1.1018750721762893,1.0892507541231389,1.5844032764434814
4,uniform,central,17.369104384,2.012948705590367,2.2377705477676395,0.9339069503514569,1.1825534980201557,1.6583527326583862
4,klein_top_loaded,central,32.587218944,2.3575579594946383,2.5595738876185212,0.9122880430670416,1.062124945567633,1.636886715888977
5,exposure,central,17.286004736,1.8924172025233166,2.128592069697885,0.6989609539803071,1.1458343266803506,1.645076036453247
5,junior,central,17.684201472,1.7072995526304202,1.837837626107905,0.5397415434908626,1.031367712911746,1.5919363498687744
5,compression,central,19.838418944,1.9205396677626303,2.2314361054276004,0.9290606880663022,1.107155203470811,1.6309417486190796
5,uniform,central,15.755313152,1.8524875292344811,1.963112305531542,0.744150806307961,1.153666497276229,1.635230541229248
5,klein_top_loaded,central,31.777374208,2.2182856622302265,2.3035742942733166,0.7887238015203774,0.9971047146453693,1.600278377532959
6,exposure,central,17.577771008,2.0578744121428487,2.19027593423593,0.8759064806320382,1.0465968361619282,1.6635969877243042
6,junior,central,15.192653824,1.8165005766907245,2.084544125546453,0.659833354603051,1.0579058474088132,1.565293788909912
6,compression,central,17.864769536,1.7845336442920912,2.045054147080769,0.586210204120538,0.9934849367819742,1.6044600009918213
6,uniform,central,10.548772864,1.7715088222698934,2.32472129425966,1.1384418243776313,1.1829045785628378,1.5513253211975098
6,klein_top_loaded,central,35.722862592,2.270731208974372,2.55684232738356,0.718891968940763,0.9442624179172965,1.6472314596176147
7,exposure,central,16.723410944,1.8945834428707398,1.891022427814243,0.7225576663004801,1.1790237389116776,1.5823731422424316
7,junior,central,16.2164736,1.806893419150804,1.9032677220612553,0.5697065134178447,1.052812000732739,1.6029343605041504
7,compression,central,20.195426304,1.9709719734734206,2.319788073042056,0.831684597225052,1.0266568429453504,1.53701651096344
7,uniform,central,15.418638336,1.814083081887785,1.9274941745517498,0.5988694152670587,1.1787137058339003,1.632918357849121
7,klein_top_loaded,central,30.3804416,2.4541963919428116,2.4902010617804478,1.0628424872080489,1.1342139860930578,1.5951980352401733
8,exposure,central,16.353705984,1.5014810306185344,1.7544897516090203,0.27960758646337625,0.96631443696652,1.5762189626693726
8,junior,central,13.55726848,1.8489700095899675,2.0568339791304653,0.694837852136132,1.062435500185488,1.600096344947815
8,compression,central,20.32254976,2.1651121336893175,2.3906861152450913,0.8538929835344239,1.2002185040327906,1.634758472442627
8,uniform,central,16.516595712,1.9189790068438073,1.9040118205477297,0.8385779114349678,1.0932447795544142,1.585182785987854
8,klein_top_loaded,central,33.50740992,2.3386255088450714,2.471047972095017,0.9332482245833384,0.9516109551761853,1.578859806060791
9,exposure,central,20.327923712,1.9023223126947597,2.154723843151607,0.6667137801671441,1.010161150963218,1.6206233501434326
9,junior,central,17.426989056,1.977312860330832,2.106614006993568,0.8263100761075309,1.1372190792945713,1.588413953781128
9,compression,central,20.194295808,1.8595708884998756,1.9875674552569085,0.6771761515895786,1.0048978697807853,1.5972392559051514
9,uniform,central,12.545736704,1.7644431812220667,1.9953079419225472,0.7067513676436821,1.2966407544604652,1.5904654264450073
9,klein_top_loaded,central,33.458241536,2.055870845566743,2.229276307507097,0.6836684303507728,0.8179179703390438,1.6284304857254028
10,exposure,central,15.989784576,2.008500261940141,2.172160057589112,0.852261457426523,1.2742579108928842,1.5860259532928467
10,junior,central,16.42315776,2.026622588014462,1.9909013774746827,1.0080277712766872,1.1272575792988682,1.5127679109573364
10,compression,central,22.79161856,1.9111289981426471,2.2129385064172085,0.6344021793623089,0.845948730903745,1.641037940979004
10,uniform,central,15.761997824,1.7505293226124734,1.908461872094394,0.7224336540912757,1.057002310373445,1.6423391103744507
10,klein_top_loaded,central,35.18210048,2.378278165262973,2.56836447587136,0.8746293006448053,0.9761101478595213,1.6477247476577759
11,exposure,central,17.86085376,2.199430521335727,2.4068129216636063,1.065177839524195,1.2312815667007704,1.6812162399291992
11,junior,central,20.01461248,2.264540103110166,2.470435933710352,1.1826959264822716,1.0612538511420855,1.6869466304779053
11,compression,central,24.520032256,2.1442067105898714,2.3125388254278456,0.9056169824496973,1.01267885467885,1.6055641174316406
11,uniform,central,13.658112,1.7921291695701669,2.075271976199719,0.9535867056545771,1.2012393326897075,1.5862635374069214
11,klein_top_loaded,central,33.02531072,2.251624805651478,2.461535831686559,0.8412885220540345,0.9583217274118705,1.5664160251617432
12,exposure,central,15.171321856,1.6166476518279682,1.851716047018373,0.5445845637795932,1.1047215293093937,1.5567971467971802
12,junior,central,17.269030912,1.6962460868484768,2.072002479126242,0.5207929807214073,1.0234031472260319,1.6235603094100952
12,compression,central,24.436146176,2.2309190973977073,2.3139319744473474,0.8646887372660117,1.0192275853289745,1.6400461196899414
12,uniform,central,13.159530496,1.7658653290140602,1.9571015928715962,0.7609186237286986,1.1332146969965873,1.5880742073059082
12,klein_top_loaded,central,33.836761088,2.3360872157298154,2.6916838911938163,0.9137246770462765,0.9641579154642921,1.648912787437439
13,exposure,central,18.777882624,1.6730278691882927,1.8348306558289118,0.387441209918446,0.9755295936266228,1.646806001663208
13,junior,central,18.724077568,1.958797546992086,2.0426914092362303,0.8166594316632747,1.0401625156340577,1.6339001655578613
13,compression,central,16.827580416,2.025150513613652,2.253096886761172,0.8837226647323282,1.1633949562923185,1.5667202472686768
13,uniform,central,15.239839744,1.7030975370725647,1.9213030805496327,0.5933757047545785,1.0941348497679693,1.5843770503997803
13,klein_top_loaded,central,32.303939584,2.1404894796485885,2.258099369014782,0.6647907417155791,0.9852757404215873,1.6435837745666504
14,exposure,central,19.711967232,1.9812104798579395,2.0812971858880784,0.8908913906391924,1.09229396218814,1.6109689474105835
14,junior,central,18.110513152,1.8829872172415802,1.8745300217015286,0.6536390387311686,1.0594520752692405,1.615883469581604
14,compression,central,18.826510336,2.0376019559936203,2.105265937412465,0.9743906601046126,1.1283780993429526,1.5864546298980713
14,uniform,central,14.521008128,1.9390630253964618,2.012539614422007,0.907351588652347,1.0080965530160357,1.6308568716049194
14,klein_top_loaded,central,33.876590592,2.238205403490487,2.5825714553530554,0.8464230833693492,0.959177209732498,1.5995595455169678
15,exposure,central,18.300977152,1.8336162812760626,1.908916056702306,0.7295733804478038,1.0930354097066775,1.603415608406067
15,junior,central,18.454593536,1.6868048285957726,2.0775686708429664,0.630596360298713,1.0122371861644996,1.599156141281128
15,compression,central,19.814219776,1.8632478611154717,2.027914274558673,0.8075596149882652,1.0110355082013522,1.6171058416366577
15,uniform,central,13.935149056,1.834996547337711,1.9212563633651147,0.7866380826372255,1.0912315315482979,1.6026089191436768
15,klein_top_loaded,central,31.399018496,2.3802849480208774,2.475014842303111,0.9624980889139101,1.1258663791510193,1.5788930654525757
16,exposure,central,18.142150656,2.1255528919513322,2.2242190651837217,0.8931703701276217,1.124150597024709,1.6448698043823242
16,junior,central,18.14806528,1.970245595197731,2.0559964692699024,0.7762675194567248,1.1142399480738363,1.60980224609375
16,compression,central,19.779846144,1.992473306502962,2.3617019899043634,0.8841430201695505,1.184723767788387,1.6809967756271362
16,uniform,central,14.887305216,1.8943080309307192,1.9710621644361965,0.8192444222739265,1.1148448119031151,1.6271675825119019
16,klein_top_loaded,central,28.588490752,1.969445138468076,2.196607156650812,0.5324004910863961,1.0290271666221207,1.5774301290512085
17,exposure,central,17.317494784,1.8216447919963215,2.2616700505556473,0.4613172351011524,1.3228159040155063,1.6940582990646362
17,junior,central,18.588352512,1.6545818222818283,1.8919436933084677,0.4421544728544641,0.9905684524854186,1.6432064771652222
17,compression,central,22.932455424,2.0821475747686726,2.194204163300262,0.8530345419969443,1.065537590208221,1.590354084968567
17,uniform,central,15.711698944,2.1866553382400316,2.2639586818952977,1.14548331362892,1.280619392077631,1.6463772058486938
17,klein_top_loaded,central,34.995699712,2.351347532037634,2.3953278303417673,0.8533325022124255,0.9968982359221834,1.6419154405593872
18,exposure,central,18.117984256,1.841171543901704,1.8197587860142361,0.7353247834673615,0.9937038091801464,1.5631200075149536
18,junior,central,19.474120704,1.7010037697134246,1.8423134533419177,0.40177543850118125,0.9017858038827598,1.5590355396270752
18,compression,central,18.691506176,1.766966970065259,1.9190547013129362,0.6331153259387434,0.9834801573237795,1.5679597854614258
18,uniform,central,12.6058496,1.8602296265190028,2.0970777215946894,0.8520714146073416,1.1951812171558829,1.6189593076705933
18,klein_top_loaded,central,31.014764544,2.034506409308559,2.1043108567973174,0.5488751821901394,0.8619220581129738,1.5548468828201294
19,exposure,central,18.313216,1.7533204638354531,2.1426299509689355,0.652340903051149,1.0734251553101037,1.6690677404403687
19,junior,central,19.33795328,1.8786386329344902,1.941899269004177,0.5707469587784675,1.0798841756154753,1.632344126701355
19,compression,central,20.038549504,1.9227075086169942,2.2041736918098827,0.779253544835487,1.028137688401154,1.5864404439926147
19,uniform,central,15.536078848,2.179117804430053,2.1263098726664347,1.1250916832040296,1.1077633251748598,1.593992829322815
19,klein_top_loaded,central,33.742913536,2.3163398062175933,2.6553425987035166,1.0300509340808284,1.0480026721443991,1.6216312646865845
20,exposure,central,16.084697088,1.8760955165674553,1.8422168148476303,0.5911788635234227,1.1328763429064304,1.5950371026992798
20,junior,central,14.636580864,1.645217863963938,1.6974685260175315,0.6475574557775587,1.060753437912687,1.6143407821655273
20,compression,central,18.676842496,1.9121356164230274,1.8576993832895683,0.7649160994389587,1.014398422337115,1.5901590585708618
20,uniform,central,12.982386688,1.735877801088595,1.8286943182018152,0.7719865737532777,1.1647381690037095,1.5628926753997803
20,klein_top_loaded,central,33.801355264,2.2027209473150595,2.4466105312531155,0.8322466897006997,0.9710775705884078,1.5858782529830933
21,exposure,central,18.403917824,1.8340253667564532,2.1554276674638633,0.7682145795336298,1.1313322731150266,1.5838896036148071
21,junior,central,18.457575424,1.74904435626001,1.8850664795021954,0.5496659792901593,1.1234725327948003,1.5964020490646362
21,compression,central,19.632930816,2.0082651222297327,2.2093324086651016,0.9406585291272446,1.0328754678698537,1.6191755533218384
21,uniform,central,13.681721344,1.9135529326500618,2.0626852361454953,0.8341745622452129,1.24051431268547,1.5778577327728271
21,klein_top_loaded,central,38.666256384,2.4062605005824524,2.826609214867251,1.1974907909477945,0.8891931198423131,1.6171886920928955
22,exposure,central,17.007558656,1.9007552162037478,2.026385834865491,0.7418412302139299,1.113071861612147,1.6149998903274536
22,junior,central,20.214808576,1.9591985871078577,2.1005436994902955,0.8667776835124402,0.9787737779227701,1.6430467367172241
22,compression,central,19.777486848,1.9670131458588842,2.141093438686667,0.9189204234054532,1.0778995681933634,1.6000264883041382
22,uniform,central,14.25588224,1.9323291571084367,2.1231144602696594,0.9174531891258692,1.2418759318598482,1.5946166515350342
22,klein_top_loaded,central,31.819776,2.2477400767147993,2.457863695740514,0.8426382006011063,0.9741598144419106,1.5688849687576294
23,exposure,central,16.594321408,1.7033342870129364,1.7875873173169132,0.563808545295183,0.9279568624672052,1.6084717512130737
23,junior,central,17.366286336,1.694442239639249,1.7610239027178454,0.5927926704414527,0.925969405591498,1.5724598169326782
23,compression,central,19.036340224,1.7366363887764469,1.9623198906176031,0.6280822328839197,0.8833779931277208,1.5314264297485352
23,uniform,central,16.801759232,1.906013784818139,2.0571834751638067,0.8679968961932932,1.0249430026478268,1.5905542373657227
23,klein_top_loaded,central,35.032252416,2.4080353653538666,2.5869554781371122,0.9988651463476189,0.9757783623048577,1.5803357362747192
24,exposure,central,18.665111552,1.6992723846513125,2.0288999511960393,0.4649217199980821,0.9690926009210399,1.6054295301437378
24,junior,central,17.737777152,1.8459147265296432,2.1100155624673267,0.556709080910478,1.2474489455771343,1.669265866279602
24,compression,central,22.901489664,1.938172368661617,2.299328789963748,0.6571710506884265,1.02775785100504,1.5684715509414673
24,uniform,central,11.9382016,1.831013574003526,1.9331070680420004,0.7808109842248501,1.1715248534908684,1.5899749994277954
24,klein_top_loaded,central,33.42450688,2.2012263277015416,2.3819647907020873,0.6936830618771261,0.8830066004833714,1.6117281913757324
25,exposure,central,19.063341056,1.9986869603509372,2.254200144945681,0.7878347609951569,1.1939567798854744,1.6355894804000854
25,junior,central,15.076818944,1.924487213995782,2.062264877694137,0.769026322652025,1.2898033397992892,1.5880671739578247
25,compression,central,21.974401024,1.9855928801610272,1.9919611375247586,0.7783580592581274,1.0148966868271159,1.6403675079345703
25,uniform,central,11.536400384,2.0425416194436856,2.1886605123236564,1.0244235393812668,1.1924209764235583,1.6184810400009155
25,klein_top_loaded,central,29.354377216,2.159682844966687,2.3108267689591093,0.8117390919936851,0.882568360659941,1.5385289192199707
26,exposure,central,16.470818816,1.6875521384511454,1.8555250869308149,0.5787354572225845,1.0424702242931905,1.546494722366333
26,junior,central,17.94023424,1.8292290380320764,1.9806306553094148,0.7686011207736154,1.0002233745380007,1.563611388206482
26,compression,central,19.19500288,1.9567327769469873,1.9466488905101331,0.8533598805943954,1.0863868273439214,1.6082714796066284
26,uniform,central,10.783686656,1.8501843935255362,1.9993956155475445,0.8023493700449941,1.1573346684042196,1.5368647575378418
26,klein_top_loaded,central,32.53469184,2.118638646210344,2.6269237992785994,0.8466002494534108,0.9456933292094183,1.575400948524475
27,exposure,central,19.008339968,2.095307677158145,2.355058315884942,0.7661465892716796,1.2963313021608025,1.7058427333831787
27,junior,central,16.414670848,1.935007567892516,2.2387272343832336,0.794628213625645,1.1060042780684731,1.6180037260055542
27,compression,central,19.415384064,1.755670308561577,1.8217285357678943,0.6699768248962151,0.9360222498592474,1.6271079778671265
27,uniform,central,15.579119616,2.3346183527465203,2.518589264648377,1.2315353645359046,1.1645097094111878,1.629813551902771
27,klein_top_loaded,central,31.367380992,2.146004128012108,2.4393709443380764,0.6685611231772776,0.9887327016075753,1.620389699935913
28,exposure,central,17.467867136,2.066125453327211,2.1121334771504103,0.9540795472547825,1.19147826222179,1.675202488899231
28,junior,central,16.734404608,1.6443030479944416,2.0238539894275878,0.4495116243985853,1.006260267672432,1.6467784643173218
28,compression,central,22.194880512,2.231627760907501,2.432255359228605,1.0492765087624782,1.1232968468062765,1.5944982767105103
28,uniform,central,14.728364032,1.8204948263017022,2.0549946840615507,0.7996725658447446,1.181796668949131,1.6407802104949951
28,klein_top_loaded,central,30.27992576,2.3062285448018276,2.4823864948134684,0.8717592240258032,1.1303303642832163,1.5902994871139526
29,exposure,central,16.634871808,1.8941453643544408,2.0182330380300177,0.7402403004685559,1.1554025619642472,1.5955153703689575
29,junior,central,18.08498688,1.7737523778172781,1.8877448907724248,0.7047945042995551,0.9619617819827564,1.5619280338287354
29,compression,central,18.460327936,1.795983308853208,2.0672866861103674,0.6019714082682509,0.9860039848315405,1.5796300172805786
29,uniform,central,11.731386368,1.7394355954420904,1.8489377947329078,0.7684014087962349,1.0521240914949215,1.5988346338272095
29,klein_top_loaded,central,32.033079296,2.248819170316993,2.528558807742537,0.8257044891435861,1.082804880882804,1.667428731918335
30,exposure,central,17.710153728,1.7678270253329882,1.9544876155450002,0.6665350113398472,1.0024779688255103,1.6056641340255737
30,junior,central,18.128273408,1.8190291909733731,2.20778463464196,0.628269065889886,1.108567424804352,1.7112932205200195
30,compression,central,21.84159232,2.191844656173439,2.490112480853174,1.2396897706290377,1.2959208192627747,1.5873160362243652
30,uniform,central,14.397800448,1.5006757302673672,1.7001131057349295,0.5751277492891282,0.8791660279963254,1.5732818841934204
30,klein_top_loaded,central,29.602332672,2.0715450806214424,2.2557318101061457,0.6725231711058932,0.9202610770895792,1.5483237504959106
31,exposure,central,19.040813056,1.7659281431505525,2.087208037260285,0.48524572256326837,1.0113524783603611,1.6152647733688354
31,junior,central,18.987679744,1.7496692673933556,1.9372027980672502,0.3893787513780861,1.0450944198076129,1.6235785484313965
31,compression,central,22.435168256,1.9978768425331916,2.544808027905149,1.0895105976739567,1.0631081197635894,1.6762025356292725
31,uniform,central,12.355207168,2.2555707473426363,2.4879510690565736,1.3443167211618339,1.4599927555353553,1.6815751791000366
31,klein_top_loaded,central,30.97280512,2.3486030866571364,2.4242829596324484,0.8928965669591116,1.0863442068040907,1.5887374877929688
32,exposure,central,17.937334272,2.065345931531684,2.1098657762723017,0.883142853358504,1.1617595814395476,1.6197376251220703
32,junior,central,18.30862848,1.922817030117749,2.0783353127433872,0.7988221800755174,1.123551442451176,1.6547960042953491
32,compression,central,21.559296,1.8457552718084136,2.104439705676073,0.6834348909042276,0.8991092061407691,1.6216868162155151
32,uniform,central,15.226830848,2.350002681506619,2.396938410722982,1.3518639332696565,1.3820698202572146,1.6505709886550903
32,klein_top_loaded,central,31.358844928,2.437573537902857,2.656104422699823,0.9270361916120379,1.2498163529199524,1.6154619455337524
33,exposure,central,17.318969344,2.2040722354114832,2.404761039535103,1.0797745909635919,1.2494414411797439,1.6254853010177612
33,junior,central,18.249990144,1.8963760230400446,1.955666559058994,0.6968768505289352,1.1334303196488649,1.614344835281372
33,compression,central,22.809264128,2.1512981295613463,2.0611600140439474,0.8039293527510732,1.0567619968298247,1.6233652830123901
33,uniform,central,14.701428736,1.8024095472327861,1.8777012628557188,0.7438641190634476,1.1471622683727922,1.6238139867782593
33,klein_top_loaded,central,30.043881472,1.9407670315418402,2.087597805377392,0.5153926953897076,0.8819445864243658,1.5388189554214478
34,exposure,central,16.661446656,1.7717938977773766,2.031282014328126,0.6582211546577704,1.0898939965917398,1.5899770259857178
34,junior,central,18.76574208,1.9865399054454558,2.305695437243363,0.8587650068737768,1.158337090077488,1.605281949043274
34,compression,central,18.980569088,1.8609012298973104,2.062258425058039,0.7135238769296226,0.9783269702226316,1.5728864669799805
34,uniform,central,13.340311552,1.8276104025146067,2.1091329618896566,0.7930305102226254,1.1495709746068616,1.5860025882720947
34,klein_top_loaded,central,35.618603008,2.358732072756278,2.518903337372669,1.0131494401541985,0.868515593928576,1.6232417821884155
35,exposure,central,17.406836736,1.8140750231540104,1.9689136387574357,0.7859777448889993,1.1105490424036857,1.5918391942977905
35,junior,central,18.135384064,1.8016235768362172,1.9806676999812922,0.8296198217350587,1.0639826801916996,1.584411382675171
35,compression,central,18.585124864,1.7578301060931556,1.8544250640338462,0.7354487983017827,0.9889016491968605,1.551185965538025
35,uniform,central,14.400602112,1.7219091858609064,2.009101004504732,0.7254567212250096,1.069944980217441,1.5789527893066406
35,klein_top_loaded,central,33.246117888,2.048811643251086,2.1847371361177093,0.41942907982780997,0.9098090969209438,1.6689280271530151
36,exposure,central,19.807240192,1.765164724043583,2.002267289707965,0.5895296200730288,1.0929702342900027,1.6323007345199585
36,junior,central,20.639727616,1.9672225275778472,2.0806674414882402,0.7705692629225241,1.1077783174625933,1.658852219581604
36,compression,central,20.231340032,2.052063419773473,2.3141816212495003,0.8771563019264267,1.1255183737915675,1.649430513381958
36,uniform,central,12.569247744,1.8910691404775581,2.0582255207882953,0.6692085779676477,1.3500311683475208,1.6476479768753052
36,klein_top_loaded,central,35.355967488,2.422511316779416,2.22590534606234,0.9542679865528869,0.7375643484977545,1.6434320211410522
37,exposure,central,18.63974912,1.7969367698556726,2.0913762304049484,0.6825216894914415,1.058014319914491,1.5768669843673706
37,junior,central,19.62246144,1.8547793917293802,2.094642498073318,0.835368006579601,1.0636723060179376,1.606827735900879
37,compression,central,20.531789824,1.9630108473343815,1.9178209927218193,0.8519312909102433,0.9902380605205652,1.6065102815628052
37,uniform,central,13.890813952,1.7183014718019445,1.8688349828075823,0.7565442725822102,1.067512380005009,1.5953162908554077
37,klein_top_loaded,central,31.866486784,2.163065073499984,2.3513281976104445,0.767716912931507,0.8454349594793853,1.6785176992416382
38,exposure,central,18.636996608,1.9614823932511265,2.185664835045059,0.7236576941561906,1.2107919766200737,1.6296294927597046
38,junior,central,16.20836352,2.0583302044527407,2.1618281344828376,0.8932090139452148,1.2081120139668888,1.5818756818771362
38,compression,central,18.860621824,1.7739859042349704,2.126594943361021,0.6526453015126527,1.1431192746287677,1.5623295307159424
38,uniform,central,15.101558784,2.1184324893752855,2.3522623432914616,1.0533947867714972,1.2142249938800198,1.6434037685394287
38,klein_top_loaded,central,33.281769472,2.19319593863051,2.3755771993000856,0.7518043144978698,0.9767419447818337,1.637484073638916
39,exposure,central,17.16649984,1.8176457063964035,1.9534697284745495,0.7795225227590019,1.131211280290556,1.554407000541687
39,junior,central,18.809192448,1.5666179968518352,1.8385156884908938,0.5454253029966494,0.9987672208525034,1.614614725112915
39,compression,central,24.259330048,2.305188105907013,2.410731480208514,1.0091761203727623,1.0365667295789471,1.6303412914276123
39,uniform,central,15.215525888,2.0424772091756167,2.0237219197972167,0.8362779940468856,1.126386444404348,1.6543481349945068
39,klein_top_loaded,central,35.879632896,2.323447338135412,2.5801201469848767,0.8926823680652618,0.7967378546250958,1.643755555152893
40,exposure,central,17.927438336,1.7752663257324803,1.992259103039287,0.6686593708319949,1.0844876524839675,1.5994625091552734
40,junior,central,18.80768512,1.8426693896145014,2.0492255622896582,0.5580410315169593,1.1220470474070598,1.6608328819274902
40,compression,central,21.540143104,1.7318787237532467,2.1598084705172216,0.5147468483499312,0.9972069253863958,1.6120375394821167
40,uniform,central,10.494066688,1.7314035964814012,1.9082911442563522,0.7652188939418492,1.0919808277994547,1.5473562479019165
40,klein_top_loaded,central,34.702589952,2.10702792924074,2.3736235631733855,0.7527497374766018,0.751358559878168,1.6258291006088257
41,exposure,central,18.119704576,1.8200245381787772,2.1417795575185195,0.7628320052730758,0.9962998390556699,1.5884543657302856
41,junior,central,18.217336832,1.7522735842152444,1.9720607319556827,0.5892477697897552,0.9892795537348786,1.566025733947754
41,compression,central,18.87420416,1.8921466262805442,1.874660481588089,0.8147959852353587,1.1333012892713712,1.5680447816848755
41,uniform,central,11.31036672,1.9042662970188555,1.8833914725668477,0.874125181406582,1.2225940788266665,1.577583909034729
41,klein_top_loaded,central,32.202227712,2.204226853657623,2.5175713879329487,0.8089044594910055,1.1210533926099941,1.6494264602661133
42,exposure,central,19.059474432,1.976567152683928,2.164472730632144,1.0151465663938346,1.2464595605764073,1.635033369064331
42,junior,central,17.495851008,1.8106782948698523,2.087871595614282,0.606671090136543,1.2443131838074328,1.5914663076400757
42,compression,central,20.597047296,2.041974706292862,2.3447006347386083,0.8480546042268167,1.1080576637434891,1.6944453716278076
42,uniform,central,15.305883648,1.7925173274573103,1.886485412522232,0.6441945572960905,1.0249945546496275,1.585772156715393
42,klein_top_loaded,central,34.61267456,2.135488604513575,2.426702056741087,0.7341345631904195,0.8470046688484056,1.6469604969024658
43,exposure,central,17.717592064,1.833461664585609,1.8999402551047955,0.680334515522496,1.073043869741619,1.5327235460281372
43,junior,central,15.690235904,1.6104855524660566,2.1550636763953275,0.4569863586566081,1.0265985256967536,1.5686746835708618
43,compression,central,22.224420864,1.9798430817320773,1.9359980706499496,0.8395700251029786,0.8855817430447166,1.586793303489685
43,uniform,central,13.62149376,1.9373380903938449,2.019671297115444,0.8428379165649286,1.1498877238744987,1.6380038261413574
43,klein_top_loaded,central,29.808082944,2.225435059106176,2.5008212754092347,0.8784190035534545,1.2470996091604292,1.5639946460723877
44,exposure,central,15.843917824,2.0220517442323698,2.1781272834419467,0.8141259807110751,1.2523864788289485,1.591920256614685
44,junior,central,16.315858944,1.9095023136144222,2.1048471887049196,0.7084682540244663,1.1038221778853052,1.6266165971755981
44,compression,central,20.948680704,2.1211350590537084,2.2870384032008695,1.0066201208047965,1.001815869261824,1.5220036506652832
44,uniform,central,13.731053568,1.7971799695638502,1.7958931103550873,0.6868493373087203,1.113325778013874,1.592963457107544
44,klein_top_loaded,central,37.085872128,2.3729068464233256,2.5221341722520387,1.0506422907759494,0.9174594231653233,1.6549577713012695
45,exposure,central,15.366832128,1.784532028228314,1.9106474367084485,0.5987180137374842,1.0711619483269152,1.5326770544052124
45,junior,central,17.80465664,2.0160506932438955,2.0689552538273897,0.8312094743285647,1.1749955867008555,1.6446079015731812
45,compression,central,19.654606848,1.7380440438667737,1.9294848602118386,0.43143922707214455,1.0654986682823053,1.6413342952728271
45,uniform,central,15.923150848,1.7191309210813577,2.148002863071868,0.8006727413578968,1.1269281464912129,1.6143184900283813
45,klein_top_loaded,central,29.34882304,2.1428924757702,2.2828363792325974,0.757649138468694,1.0862887649219721,1.5640047788619995
46,exposure,central,18.269454336,2.057850262193686,2.3189006440594073,0.7910913684505083,1.129714970845741,1.6799817085266113
46,junior,central,17.633738752,1.7929731213714994,2.0760225104528462,0.5954952348208281,1.161873419440984,1.6049281358718872
46,compression,central,23.602167808,2.3020265248686114,2.4796839324273123,1.088716570682677,1.0835138578133785,1.6390583515167236
46,uniform,central,11.489263616,1.7497079220521212,1.9623343985844173,0.7428365698839895,1.0917596377186811,1.5347273349761963
46,klein_top_loaded,central,37.24648448,2.3298590766668985,2.545376555175147,0.870337075504582,0.8045771209704511,1.680334448814392
47,exposure,central,15.97259776,2.000167087068325,2.0752156065319856,0.8527027596113484,1.1558147142505248,1.5851413011550903
47,junior,central,21.042413568,1.96538001739667,2.2196820447385077,0.7115863507351328,1.0956497407685561,1.6689382791519165
47,compression,central,19.783368704,1.7743225160464644,2.0836679617563525,0.7753784703752431,1.055139045934983,1.6008323431015015
47,uniform,central,14.99471872,1.9591985832672631,2.143407862583113,0.8695253403590647,1.1761119279758758,1.6083747148513794
47,klein_top_loaded,central,32.600195072,2.4544009522573713,2.713848800808025,1.0154091033974937,1.1773877508487351,1.639447569847107
48,exposure,central,19.560513536,1.872408882085927,1.9596463272470137,0.7116523828035654,1.1134143017134002,1.6299115419387817
48,junior,central,19.192479744,1.992674636829031,2.047658467694638,0.7853270774657389,1.112806791872345,1.6272870302200317
48,compression,central,19.561955328,1.9017473328858947,2.09382755277428,0.7757746781482111,1.1309891705814978,1.5581165552139282
48,uniform,central,12.562333696,1.6594941019050347,1.7267103382745979,0.5822191600446447,1.0549845789526446,1.609336256980896
48,klein_top_loaded,central,32.402685952,1.904079469214706,2.2238083672370705,0.4850138017571004,0.8428537606016029,1.5925520658493042
49,exposure,central,17.288085504,1.799642567140447,2.111998198484666,0.537760527183434,1.150690147457567,1.6345723867416382
49,junior,central,17.658380288,1.7499076312098265,1.8985213265573508,0.7015459455146478,0.9565888176483406,1.5962281227111816
49,compression,central,19.822395392,1.753075652633318,1.9196924889869433,0.5980029144610377,1.0286171563170132,1.595077633857727
49,uniform,central,12.015386624,1.7841728725167205,1.9666588247263888,0.7620154368124521,1.2445416197315873,1.607154369354248
49,klein_top_loaded,central,31.056707584,2.2946065532569557,2.5843318274714173,0.8835535553888219,1.1101614039212948,1.5999759435653687
